scope,auc,ci_low,ci_high
overall,0.9984292636174857,0.9981848244717342,0.9986687014447263
jsrt+montgomery vs shenzhen,1.0,0.9999999999999999,1.0
jsrt+montgomery vs nih_chestxray14,0.998421334284695,0.9981715847319631,0.9986624655426564
