endpoint,scope,corr_type,delta_reverse_minus_forward,ci_low,ci_high,perm_p
mask_free,all,pearson,0.07408566977703412,-0.0011328251804111815,0.1901972648057593,0.03698150924537731
mask_free,all,spearman,0.07202210994042013,0.005236916484979585,0.14251228928912144,0.0069965017491254375
mask_free,ood,pearson,-0.0547203653026454,-0.15685194952269552,0.07254231101989231,0.191904047976012
mask_free,ood,spearman,0.4478404375958295,0.32725800198971344,0.5533350016645119,0.0004997501249375312
predicted_mask,all,pearson,-0.026713816177682426,-0.08728327682932245,0.08408957327476338,0.3293353323338331
predicted_mask,all,spearman,-0.001249693449718925,-0.06531050076029134,0.05910578732265833,0.9615192403798101
predicted_mask,ood,pearson,-0.14452722753411001,-0.23154868578492177,-0.024705839014018585,0.0384807596201899
predicted_mask,ood,spearman,0.41869655929615,0.30582492598612204,0.5171762067665229,0.0004997501249375312
