endpoint,direction,n_id,n_ood,auroc,auroc_ci_low,auroc_ci_high,aupr,aupr_ci_low,aupr_ci_high,fpr95,fpr95_ci_low,fpr95_ci_high,ece,ece_ci_low,ece_ci_high,brier,brier_ci_low,brier_ci_high
mask_free,forward_jsrt_to_shenzhen,247,566,0.8832849315460437,0.8578748873406675,0.9054736341397118,0.9448248654490824,0.9328900102495582,0.9564207974718659,0.46153846153846156,0.3765182186234818,0.5344129554655871,0.5013583365107784,0.44076533113196437,0.5082024714222585,0.4169633566989276,0.34765912946874167,0.4259929868171837
mask_free,reverse_shenzhen_to_jsrt,566,247,0.9905151571508276,0.9849213530564657,0.9952649103732422,0.9720716796803229,0.9528659968011679,0.9876669878250471,0.038869257950530034,0.02120141342756184,0.05653710247349823,0.2407454864887847,0.22942453615376163,0.24579668604076815,0.2307744063779692,0.2156444383257318,0.23569527911156238
predicted_mask,forward_jsrt_to_shenzhen,247,566,0.9253444156735955,0.9054988483712679,0.9421333385788472,0.9645538734572343,0.9545703284882773,0.9732591933750065,0.32793522267206476,0.23076923076923078,0.39686234817813715,0.5168811492922125,0.44311564228111483,0.5225249292124229,0.430751309964062,0.3353043617204887,0.4383492816517615
predicted_mask,reverse_shenzhen_to_jsrt,566,247,0.9944492925709217,0.9903427704896925,0.9977829358664397,0.9845307970244203,0.9726343340746207,0.9940164729359542,0.022968197879858657,0.01060070671378092,0.037102473498233215,0.2409708662772199,0.2350451398448235,0.247226602801564,0.2311940288712897,0.22558607676361084,0.23622312452932318
